<?xml version="1.0" encoding="UTF-8"?>
<!--
    Licensed to the Apache Software Foundation (ASF) under one or more
    contributor license agreements.  See the NOTICE file distributed with
    this work for additional information regarding copyright ownership.
    The ASF licenses this file to You under the Apache License, Version 2.0
    (the "License"); you may not use this file except in compliance with
    the License.  You may obtain a copy of the License at
    
    http://www.apache.org/licenses/LICENSE-2.0
    
    Unless required by applicable law or agreed to in writing, software
    distributed under the License is distributed on an "AS IS" BASIS,
    WITHOUT WARRANTIES OR CONDITIONS OF ANY KIND, either express or implied.
    See the License for the specific language governing permissions and
    limitations under the License.
-->
<!-- $Id$ -->
<catalogue xml:lang="en">
  <message key="error">SVG error: {message}</message>
  <message key="alert">SVG alert: {message}</message>
  <message key="info">SVG info: {message}</message>
  <message key="svgNotBuilt">SVG graphic could not be built. Reason: {e}</message>
  <message key="svgRenderingError">SVG graphic could not be rendered. Reason: {e}</message>
  <message key="transparencyIgnored">Transparency in an SVG image will be ignored because {pdfProfile} does not allow it[ (see {uri})].</message>
  <message key="bitmapWithTransparency">An SVG image is referencing a bitmap with transparency while {pdfProfile} does not allow it[ (see {uri})].</message>
</catalogue>
